{"val_loss": 0.30553830969027984, "val_auc": 0.9751260135875521, "val_acc": 0.9086538461538461, "epoch": 0, "_timestamp": 1723605818.975507, "_runtime": 288.4287519454956, "_step": 11, "train_loss": 0.0784272565684434, "test_loss": 0.30553830969027984, "test_auc": 0.9751260135875521, "test_acc": 0.9086538461538461, "_wandb": {"runtime": 288}}