{"val_loss": 0.35004392792885214, "val_auc": 0.8876998010564587, "val_acc": 0.9319371727748691, "epoch": 0, "_timestamp": 1723787824.9087968, "_runtime": 155.3837387561798, "_step": 175, "train_loss": 0.007251278001401741, "train_acc": 0.9977528089887641, "test_loss": 0.35004392792885214, "test_auc": 0.8876998010564587, "test_acc": 0.9319371727748691, "_wandb": {"runtime": 154}}