{"val_loss": 0.24165875129206643, "val_auc": 0.8953145365987514, "val_acc": 0.9293193717277487, "epoch": 0, "_timestamp": 1723788960.8017216, "_runtime": 123.50371551513672, "_step": 145, "train_loss": 0.05056900766430499, "train_acc": 0.9835205992509364, "test_loss": 0.24165875129206643, "test_auc": 0.8953145365987514, "test_acc": 0.9293193717277487, "_wandb": {"runtime": 123}}