{"val_loss": 0.44662742737012034, "val_auc": 0.9758930528161298, "val_acc": 0.9102564102564102, "epoch": 0, "_timestamp": 1723625007.2694757, "_runtime": 1515.8787577152252, "_step": 101, "train_loss": 0.0013688761431854682, "test_loss": 0.44662742737012034, "test_auc": 0.9758930528161298, "test_acc": 0.9102564102564102, "_wandb": {"runtime": 1515}}