{"val_loss": 0.34674970102509417, "val_auc": 0.9809738902784064, "val_acc": 0.879108635097493, "epoch": 0, "_timestamp": 1723626005.7473252, "_runtime": 650.3479702472687, "_step": 3, "train_loss": 0.37244527682359335, "test_loss": 0.34674970102509417, "test_auc": 0.9809738902784064, "test_acc": 0.879108635097493, "_wandb": {"runtime": 650}}