{"val_loss": 0.33410784220084166, "val_auc": 0.9739754547446855, "val_acc": 0.9262820512820513, "epoch": 0, "_timestamp": 1723622709.4039104, "_runtime": 329.37716031074524, "_step": 21, "train_loss": 0.022778976065745242, "test_loss": 0.33410784220084166, "test_auc": 0.9739754547446855, "test_acc": 0.9262820512820513, "_wandb": {"runtime": 329}}