{"val_loss": 0.3047974903468062, "val_auc": 0.8879742059408657, "val_acc": 0.9109947643979057, "epoch": 0, "_timestamp": 1723782953.378074, "_runtime": 57.0215950012207, "_step": 101, "train_loss": 0.01196631994028663, "train_acc": 0.997003745318352, "test_loss": 0.3047974903468062, "test_auc": 0.8879742059408657, "test_acc": 0.9109947643979057, "_wandb": {"runtime": 56}}