{"val_loss": 0.10318300696729704, "val_auc": 0.9962296486718081, "val_acc": 0.9541984732824428, "epoch": 5, "_timestamp": 1723604995.0019825, "_runtime": 282.9517114162445, "_step": 9, "train_loss": 0.05855679967873489, "_wandb": {"runtime": 285}}