{"val_loss": 0.31496121409611827, "val_auc": 0.9322594784133246, "val_acc": 0.875, "epoch": 0, "_timestamp": 1723944548.503385, "_runtime": 1294.690910100937, "_step": 3, "train_loss": 0.2346808536131704, "train_acc": 0.9037807986406117, "test_loss": 0.31496121409611827, "test_auc": 0.9322594784133246, "test_acc": 0.875, "_wandb": {"runtime": 1294}}