{"val_loss": 0.19819847313238115, "val_auc": 0.9903919117492058, "val_acc": 0.9334266293482607, "epoch": 1, "_timestamp": 1723706585.6562293, "_runtime": 575.7640643119812, "_step": 1, "train_loss": 0.35719952723590476, "_wandb": {"runtime": 576}}