{"val_loss": 0.5491444896429013, "val_auc": 0.9608809993425378, "val_acc": 0.8189102564102564, "_timestamp": 1723589612.508988, "_runtime": 1822.4836339950562, "_step": 101, "train_loss": 3.805231036597433e-05, "epoch": 50, "test_loss": 0.5491444896429013, "test_auc": 0.9608809993425378, "test_acc": 0.8189102564102564, "_wandb": {"runtime": 1822}}