{"val_loss": 0.251339193309893, "val_auc": 0.9872467782582471, "val_acc": 0.9076369452219112, "epoch": 0, "_timestamp": 1723768777.468383, "_runtime": 600.4514701366425, "_step": 0, "_wandb": {"runtime": 600}}