{"val_loss": 0.26701392771685933, "val_auc": 0.8353570693558345, "val_acc": 0.8979057591623036, "epoch": 0, "_timestamp": 1723782811.9139569, "_runtime": 6.0588579177856445, "_step": 7, "train_loss": 0.2776509611124403, "train_acc": 0.8951310861423221, "test_loss": 0.26701392771685933, "test_auc": 0.8353570693558345, "test_acc": 0.8979057591623036, "_wandb": {"runtime": 6}}