{"val_loss": 0.4856697137539203, "val_auc": 0.9790927021696253, "val_acc": 0.8974358974358975, "_timestamp": 1723586567.3435946, "_runtime": 171.29164862632751, "_step": 7, "train_loss": 0.07254340279033959, "epoch": 3, "test_loss": 0.4856697137539203, "test_auc": 0.9790927021696253, "test_acc": 0.8974358974358975, "_wandb": {"runtime": 170}}