{"val_loss": 0.44256751736005145, "val_auc": 0.9781612973920666, "val_acc": 0.8269230769230769, "_timestamp": 1723596960.7707167, "_runtime": 288.0020775794983, "_step": 11, "train_loss": 0.09948742951162812, "epoch": 5, "test_loss": 0.44256751736005145, "test_auc": 0.9781612973920666, "test_acc": 0.8269230769230769, "_wandb": {"runtime": 287}}