{"val_loss": 0.5175095338087815, "val_auc": 0.8766053035283804, "val_acc": 0.7692307692307693, "epoch": 0, "_timestamp": 1723946174.278393, "_runtime": 686.8117029666901, "_step": 5, "train_loss": 0.35810304356512623, "train_acc": 0.8383602378929482, "test_loss": 0.5175095338087815, "test_auc": 0.8766053035283804, "test_acc": 0.7692307692307693, "_wandb": {"runtime": 686}}