{"val_loss": 0.46227493770939393, "val_auc": 0.974180883730341, "val_acc": 0.8268802228412256, "epoch": 0, "_timestamp": 1723799744.8231742, "_runtime": 593.2314963340759, "_step": 3, "train_loss": 0.3619980095427504, "train_acc": 0.8715276234499311, "test_loss": 0.46227493770939393, "test_auc": 0.974180883730341, "test_acc": 0.8268802228412256, "_wandb": {"runtime": 592}}