{"val_loss": 0.2680424925388466, "val_auc": 0.861151128490087, "val_acc": 0.9109947643979057, "epoch": 0, "_timestamp": 1723786938.424652, "_runtime": 42.25112509727478, "_step": 49, "train_loss": 0.03554553102060092, "train_acc": 0.9872659176029962, "test_loss": 0.2680424925388466, "test_auc": 0.861151128490087, "test_acc": 0.9109947643979057, "_wandb": {"runtime": 41}}