{"val_loss": 0.88228451135831, "val_auc": 0.7904777558623712, "val_acc": 0.6650641025641025, "epoch": 0, "_timestamp": 1723943041.538293, "_runtime": 375.6630799770355, "_step": 3, "train_loss": 0.5414970466390746, "train_acc": 0.7461767204757859, "test_loss": 0.88228451135831, "test_auc": 0.7904777558623712, "test_acc": 0.6650641025641025, "_wandb": {"runtime": 375}}