{"val_loss": 0.26203878947499537, "val_auc": 0.8922960828702751, "val_acc": 0.9319371727748691, "epoch": 0, "_timestamp": 1723787463.1496372, "_runtime": 57.472665309906006, "_step": 61, "train_loss": 0.07002811626730006, "train_acc": 0.9805243445692884, "test_loss": 0.26203878947499537, "test_auc": 0.8922960828702751, "test_acc": 0.9319371727748691, "_wandb": {"runtime": 57}}