{"val_loss": 0.2559389309733326, "val_auc": 0.9036152843520615, "val_acc": 0.9240837696335078, "epoch": 0, "_timestamp": 1723790036.299186, "_runtime": 84.598788022995, "_step": 147, "train_loss": 0.037893851101398465, "train_acc": 0.9902621722846442, "test_loss": 0.2559389309733326, "test_auc": 0.9036152843520615, "test_acc": 0.9240837696335078, "_wandb": {"runtime": 84}}