{"val_loss": 1.7852559089660645, "val_auc": 0.8905435020819636, "val_acc": 0.375, "epoch": 0, "_timestamp": 1723622265.5867581, "_runtime": 55.59649205207825, "_step": 3, "train_loss": 0.3803016007351693, "test_loss": 1.7852559089660645, "test_auc": 0.8905435020819636, "test_acc": 0.375, "_wandb": {"runtime": 55}}