{"val_loss": 0.48582833241193724, "val_auc": 0.9710716633793557, "val_acc": 0.907051282051282, "epoch": 0, "_timestamp": 1723607690.7025075, "_runtime": 564.0794744491577, "_step": 21, "train_loss": 0.032051503435948335, "test_loss": 0.48582833241193724, "test_auc": 0.9710716633793557, "test_acc": 0.907051282051282, "_wandb": {"runtime": 563}}