{"val_loss": 0.22075399608200133, "val_auc": 0.921657405501818, "val_acc": 0.9397905759162304, "epoch": 0, "_timestamp": 1723788213.5308378, "_runtime": 145.03238773345947, "_step": 157, "train_loss": 0.02325560288427028, "train_acc": 0.9940074906367041, "test_loss": 0.22075399608200133, "test_auc": 0.921657405501818, "test_acc": 0.9397905759162304, "_wandb": {"runtime": 145}}