{"val_loss": 0.42839534744246754, "val_auc": 0.9816871174407952, "val_acc": 0.8661559888579388, "epoch": 0, "_timestamp": 1723778032.0867982, "_runtime": 1676.3071222305298, "_step": 7, "train_loss": 0.15836031294304748, "train_acc": 0.9441308502600115, "test_loss": 0.42839534744246754, "test_auc": 0.9816871174407952, "test_acc": 0.8661559888579388, "_wandb": {"runtime": 1676}}