{"val_loss": 0.23043151622245617, "val_auc": 0.9891375678154737, "val_acc": 0.9175329868052778, "epoch": 1, "_timestamp": 1723774685.4281344, "_runtime": 503.9749844074249, "_step": 1, "train_loss": [0.3591384530170763, 0.8726943419707542], "_wandb": {"runtime": 505}}