{"val_loss": 0.8613899162926599, "val_auc": 0.8895520340262056, "val_acc": 0.725130890052356, "epoch": 0, "_timestamp": 1723789319.3818986, "_runtime": 82.72256875038147, "_step": 127, "train_loss": 0.018875429407459742, "train_acc": 0.9955056179775281, "test_loss": 0.8613899162926599, "test_auc": 0.8895520340262056, "test_acc": 0.725130890052356, "_wandb": {"runtime": 82}}